Seed,Fitness,UnseenAccuracy,Time
[0, 1, 2, 3, 4],0.2286902286902287,0.21043771043771045,0:00:54.053499
